{
  "info": {
    "_postman_id": "127bd9f9-b2ae-4364-9677-eacbfe8a2f5d",
    "name": "Runnerz",
    "schema": "https://schema.getpostman.com/json/collection/v2.1.0/collection.json",
    "_exporter_id": "984525"
  },
  "item": [
    {
      "name": "findAll",
      "request": {
        "method": "GET",
        "header": [],
        "url": {
          "raw": "http://localhost:8080/api/runs",
          "protocol": "http",
          "host": [
            "localhost"
          ],
          "port": "8080",
          "path": [
            "api",
            "runs"
          ]
        }
      },
      "response": []
    },
    {
      "name": "findById",
      "request": {
        "method": "GET",
        "header": [],
        "url": {
          "raw": "http://localhost:8080/api/runs/1",
          "protocol": "http",
          "host": [
            "localhost"
          ],
          "port": "8080",
          "path": [
            "api",
            "runs",
            "1"
          ]
        }
      },
      "response": []
    },
    {
      "name": "create",
      "request": {
        "method": "POST",
        "header": [],
        "body": {
          "mode": "raw",
          "raw": "{\n    \"id\": null,\n    \"title\": \"Wednesday Afternoon Run\",\n    \"startedOn\": \"2022-12-12T15:00:12.49766\",\n    \"completedOn\": \"2022-12-12T15:20:12.497678\",\n    \"miles\": 2,\n    \"location\": \"INDOOR\"\n}",
          "options": {
            "raw": {
              "language": "json"
            }
          }
        },
        "url": {
          "raw": "http://localhost:8080/api/runs",
          "protocol": "http",
          "host": [
            "localhost"
          ],
          "port": "8080",
          "path": [
            "api",
            "runs"
          ]
        }
      },
      "response": []
    },
    {
      "name": "update",
      "request": {
        "method": "PUT",
        "header": [],
        "body": {
          "mode": "raw",
          "raw": "{\n    \"id\": 3,\n    \"title\": \"Wednesday Afternoon Run!!!\",\n    \"startedOn\": \"2022-12-12T15:00:12.49766\",\n    \"completedOn\": \"2022-12-12T15:20:12.497678\",\n    \"miles\": 2,\n    \"location\": \"INDOOR\"\n}",
          "options": {
            "raw": {
              "language": "json"
            }
          }
        },
        "url": {
          "raw": "http://localhost:8080/api/runs/3",
          "protocol": "http",
          "host": [
            "localhost"
          ],
          "port": "8080",
          "path": [
            "api",
            "runs",
            "3"
          ]
        }
      },
      "response": []
    },
    {
      "name": "delete",
      "request": {
        "method": "DELETE",
        "header": [],
        "url": {
          "raw": "http://localhost:8080/api/runs/3",
          "protocol": "http",
          "host": [
            "localhost"
          ],
          "port": "8080",
          "path": [
            "api",
            "runs",
            "3"
          ]
        }
      },
      "response": []
    }
  ]
}